"season","week","game.id","url"
2014,1,"400554214","http://scores.espn.go.com/nfl/boxscore?gameId=400554214"
2014,1,"400554215","http://scores.espn.go.com/nfl/boxscore?gameId=400554215"
2014,1,"400554217","http://scores.espn.go.com/nfl/boxscore?gameId=400554217"
2014,1,"400554221","http://scores.espn.go.com/nfl/boxscore?gameId=400554221"
2014,1,"400554223","http://scores.espn.go.com/nfl/boxscore?gameId=400554223"
2014,1,"400554226","http://scores.espn.go.com/nfl/boxscore?gameId=400554226"
2014,1,"400554229","http://scores.espn.go.com/nfl/boxscore?gameId=400554229"
2014,1,"400554232","http://scores.espn.go.com/nfl/boxscore?gameId=400554232"
2014,1,"400554256","http://scores.espn.go.com/nfl/boxscore?gameId=400554256"
2014,1,"400554260","http://scores.espn.go.com/nfl/boxscore?gameId=400554260"
2014,1,"400554262","http://scores.espn.go.com/nfl/boxscore?gameId=400554262"
2014,1,"400554266","http://scores.espn.go.com/nfl/boxscore?gameId=400554266"
2014,1,"400554269","http://scores.espn.go.com/nfl/boxscore?gameId=400554269"
2014,1,"400554273","http://scores.espn.go.com/nfl/boxscore?gameId=400554273"
2014,1,"400554296","http://scores.espn.go.com/nfl/boxscore?gameId=400554296"
2014,1,"400554301","http://scores.espn.go.com/nfl/boxscore?gameId=400554301"
2014,2,"400554196","http://scores.espn.go.com/nfl/boxscore?gameId=400554196"
2014,2,"400554198","http://scores.espn.go.com/nfl/boxscore?gameId=400554198"
2014,2,"400554202","http://scores.espn.go.com/nfl/boxscore?gameId=400554202"
2014,2,"400554206","http://scores.espn.go.com/nfl/boxscore?gameId=400554206"
2014,2,"400554211","http://scores.espn.go.com/nfl/boxscore?gameId=400554211"
2014,2,"400554235","http://scores.espn.go.com/nfl/boxscore?gameId=400554235"
2014,2,"400554241","http://scores.espn.go.com/nfl/boxscore?gameId=400554241"
2014,2,"400554245","http://scores.espn.go.com/nfl/boxscore?gameId=400554245"
2014,2,"400554249","http://scores.espn.go.com/nfl/boxscore?gameId=400554249"
2014,2,"400554274","http://scores.espn.go.com/nfl/boxscore?gameId=400554274"
2014,2,"400554278","http://scores.espn.go.com/nfl/boxscore?gameId=400554278"
2014,2,"400554284","http://scores.espn.go.com/nfl/boxscore?gameId=400554284"
2014,2,"400554287","http://scores.espn.go.com/nfl/boxscore?gameId=400554287"
2014,2,"400554291","http://scores.espn.go.com/nfl/boxscore?gameId=400554291"
2014,2,"400554314","http://scores.espn.go.com/nfl/boxscore?gameId=400554314"
2014,2,"400554318","http://scores.espn.go.com/nfl/boxscore?gameId=400554318"
2014,3,"400554194","http://scores.espn.go.com/nfl/boxscore?gameId=400554194"
2014,3,"400554195","http://scores.espn.go.com/nfl/boxscore?gameId=400554195"
2014,3,"400554199","http://scores.espn.go.com/nfl/boxscore?gameId=400554199"
2014,3,"400554203","http://scores.espn.go.com/nfl/boxscore?gameId=400554203"
2014,3,"400554208","http://scores.espn.go.com/nfl/boxscore?gameId=400554208"
2014,3,"400554213","http://scores.espn.go.com/nfl/boxscore?gameId=400554213"
2014,3,"400554237","http://scores.espn.go.com/nfl/boxscore?gameId=400554237"
2014,3,"400554240","http://scores.espn.go.com/nfl/boxscore?gameId=400554240"
2014,3,"400554244","http://scores.espn.go.com/nfl/boxscore?gameId=400554244"
2014,3,"400554247","http://scores.espn.go.com/nfl/boxscore?gameId=400554247"
2014,3,"400554250","http://scores.espn.go.com/nfl/boxscore?gameId=400554250"
2014,3,"400554253","http://scores.espn.go.com/nfl/boxscore?gameId=400554253"
2014,3,"400554276","http://scores.espn.go.com/nfl/boxscore?gameId=400554276"
2014,3,"400554280","http://scores.espn.go.com/nfl/boxscore?gameId=400554280"
2014,3,"400554283","http://scores.espn.go.com/nfl/boxscore?gameId=400554283"
2014,3,"400554288","http://scores.espn.go.com/nfl/boxscore?gameId=400554288"
2014,4,"400554201","http://scores.espn.go.com/nfl/boxscore?gameId=400554201"
2014,4,"400554207","http://scores.espn.go.com/nfl/boxscore?gameId=400554207"
2014,4,"400554212","http://scores.espn.go.com/nfl/boxscore?gameId=400554212"
2014,4,"400554238","http://scores.espn.go.com/nfl/boxscore?gameId=400554238"
2014,4,"400554248","http://scores.espn.go.com/nfl/boxscore?gameId=400554248"
2014,4,"400554252","http://scores.espn.go.com/nfl/boxscore?gameId=400554252"
2014,4,"400554279","http://scores.espn.go.com/nfl/boxscore?gameId=400554279"
2014,4,"400554286","http://scores.espn.go.com/nfl/boxscore?gameId=400554286"
2014,4,"400554290","http://scores.espn.go.com/nfl/boxscore?gameId=400554290"
2014,4,"400554242","http://scores.espn.go.com/nfl/boxscore?gameId=400554242"
2014,4,"400554315","http://scores.espn.go.com/nfl/boxscore?gameId=400554315"
2014,4,"400554319","http://scores.espn.go.com/nfl/boxscore?gameId=400554319"
2014,4,"400554325","http://scores.espn.go.com/nfl/boxscore?gameId=400554325"
2014,5,"400554197","http://scores.espn.go.com/nfl/boxscore?gameId=400554197"
2014,5,"400554200","http://scores.espn.go.com/nfl/boxscore?gameId=400554200"
2014,5,"400554204","http://scores.espn.go.com/nfl/boxscore?gameId=400554204"
2014,5,"400554205","http://scores.espn.go.com/nfl/boxscore?gameId=400554205"
2014,5,"400554209","http://scores.espn.go.com/nfl/boxscore?gameId=400554209"
2014,5,"400554210","http://scores.espn.go.com/nfl/boxscore?gameId=400554210"
2014,5,"400554234","http://scores.espn.go.com/nfl/boxscore?gameId=400554234"
2014,5,"400554236","http://scores.espn.go.com/nfl/boxscore?gameId=400554236"
2014,5,"400554239","http://scores.espn.go.com/nfl/boxscore?gameId=400554239"
2014,5,"400554243","http://scores.espn.go.com/nfl/boxscore?gameId=400554243"
2014,5,"400554246","http://scores.espn.go.com/nfl/boxscore?gameId=400554246"
2014,5,"400554251","http://scores.espn.go.com/nfl/boxscore?gameId=400554251"
2014,5,"400554275","http://scores.espn.go.com/nfl/boxscore?gameId=400554275"
2014,5,"400554277","http://scores.espn.go.com/nfl/boxscore?gameId=400554277"
2014,5,"400554282","http://scores.espn.go.com/nfl/boxscore?gameId=400554282"
2014,6,"400554216","http://scores.espn.go.com/nfl/boxscore?gameId=400554216"
2014,6,"400554222","http://scores.espn.go.com/nfl/boxscore?gameId=400554222"
2014,6,"400554225","http://scores.espn.go.com/nfl/boxscore?gameId=400554225"
2014,6,"400554231","http://scores.espn.go.com/nfl/boxscore?gameId=400554231"
2014,6,"400554255","http://scores.espn.go.com/nfl/boxscore?gameId=400554255"
2014,6,"400554259","http://scores.espn.go.com/nfl/boxscore?gameId=400554259"
2014,6,"400554263","http://scores.espn.go.com/nfl/boxscore?gameId=400554263"
2014,6,"400554295","http://scores.espn.go.com/nfl/boxscore?gameId=400554295"
2014,6,"400554299","http://scores.espn.go.com/nfl/boxscore?gameId=400554299"
2014,6,"400554302","http://scores.espn.go.com/nfl/boxscore?gameId=400554302"
2014,6,"400554220","http://scores.espn.go.com/nfl/boxscore?gameId=400554220"
2014,6,"400554305","http://scores.espn.go.com/nfl/boxscore?gameId=400554305"
2014,6,"400554308","http://scores.espn.go.com/nfl/boxscore?gameId=400554308"
2014,6,"400554312","http://scores.espn.go.com/nfl/boxscore?gameId=400554312"
2014,6,"400554335","http://scores.espn.go.com/nfl/boxscore?gameId=400554335"
2014,7,"400554219","http://scores.espn.go.com/nfl/boxscore?gameId=400554219"
2014,7,"400554228","http://scores.espn.go.com/nfl/boxscore?gameId=400554228"
2014,7,"400554233","http://scores.espn.go.com/nfl/boxscore?gameId=400554233"
2014,7,"400554257","http://scores.espn.go.com/nfl/boxscore?gameId=400554257"
2014,7,"400554261","http://scores.espn.go.com/nfl/boxscore?gameId=400554261"
2014,7,"400554265","http://scores.espn.go.com/nfl/boxscore?gameId=400554265"
2014,7,"400554268","http://scores.espn.go.com/nfl/boxscore?gameId=400554268"
2014,7,"400554270","http://scores.espn.go.com/nfl/boxscore?gameId=400554270"
2014,7,"400554271","http://scores.espn.go.com/nfl/boxscore?gameId=400554271"
2014,7,"400554294","http://scores.espn.go.com/nfl/boxscore?gameId=400554294"
2014,7,"400554297","http://scores.espn.go.com/nfl/boxscore?gameId=400554297"
2014,7,"400554300","http://scores.espn.go.com/nfl/boxscore?gameId=400554300"
2014,7,"400554304","http://scores.espn.go.com/nfl/boxscore?gameId=400554304"
2014,7,"400554307","http://scores.espn.go.com/nfl/boxscore?gameId=400554307"
2014,7,"400554311","http://scores.espn.go.com/nfl/boxscore?gameId=400554311"
2014,8,"400554218","http://scores.espn.go.com/nfl/boxscore?gameId=400554218"
2014,8,"400554224","http://scores.espn.go.com/nfl/boxscore?gameId=400554224"
2014,8,"400554227","http://scores.espn.go.com/nfl/boxscore?gameId=400554227"
2014,8,"400554230","http://scores.espn.go.com/nfl/boxscore?gameId=400554230"
2014,8,"400554254","http://scores.espn.go.com/nfl/boxscore?gameId=400554254"
2014,8,"400554258","http://scores.espn.go.com/nfl/boxscore?gameId=400554258"
2014,8,"400554264","http://scores.espn.go.com/nfl/boxscore?gameId=400554264"
2014,8,"400554267","http://scores.espn.go.com/nfl/boxscore?gameId=400554267"
2014,8,"400554272","http://scores.espn.go.com/nfl/boxscore?gameId=400554272"
2014,8,"400554298","http://scores.espn.go.com/nfl/boxscore?gameId=400554298"
2014,8,"400554303","http://scores.espn.go.com/nfl/boxscore?gameId=400554303"
2014,8,"400554306","http://scores.espn.go.com/nfl/boxscore?gameId=400554306"
2014,8,"400554310","http://scores.espn.go.com/nfl/boxscore?gameId=400554310"
2014,8,"400554313","http://scores.espn.go.com/nfl/boxscore?gameId=400554313"
2014,8,"400554336","http://scores.espn.go.com/nfl/boxscore?gameId=400554336"
2014,9,"400554309","http://scores.espn.go.com/nfl/boxscore?gameId=400554309"
2014,9,"400554334","http://scores.espn.go.com/nfl/boxscore?gameId=400554334"
2014,9,"400554337","http://scores.espn.go.com/nfl/boxscore?gameId=400554337"
2014,9,"400554339","http://scores.espn.go.com/nfl/boxscore?gameId=400554339"
2014,9,"400554341","http://scores.espn.go.com/nfl/boxscore?gameId=400554341"
2014,9,"400554344","http://scores.espn.go.com/nfl/boxscore?gameId=400554344"
2014,9,"400554347","http://scores.espn.go.com/nfl/boxscore?gameId=400554347"
2014,9,"400554351","http://scores.espn.go.com/nfl/boxscore?gameId=400554351"
2014,9,"400554377","http://scores.espn.go.com/nfl/boxscore?gameId=400554377"
2014,9,"400554381","http://scores.espn.go.com/nfl/boxscore?gameId=400554381"
2014,9,"400554385","http://scores.espn.go.com/nfl/boxscore?gameId=400554385"
2014,9,"400554389","http://scores.espn.go.com/nfl/boxscore?gameId=400554389"
2014,9,"400554393","http://scores.espn.go.com/nfl/boxscore?gameId=400554393"
2014,10,"400554328","http://scores.espn.go.com/nfl/boxscore?gameId=400554328"
2014,10,"400554332","http://scores.espn.go.com/nfl/boxscore?gameId=400554332"
2014,10,"400554355","http://scores.espn.go.com/nfl/boxscore?gameId=400554355"
2014,10,"400554358","http://scores.espn.go.com/nfl/boxscore?gameId=400554358"
2014,10,"400554362","http://scores.espn.go.com/nfl/boxscore?gameId=400554362"
2014,10,"400554367","http://scores.espn.go.com/nfl/boxscore?gameId=400554367"
2014,10,"400554370","http://scores.espn.go.com/nfl/boxscore?gameId=400554370"
2014,10,"400554372","http://scores.espn.go.com/nfl/boxscore?gameId=400554372"
2014,10,"400554396","http://scores.espn.go.com/nfl/boxscore?gameId=400554396"
2014,10,"400554397","http://scores.espn.go.com/nfl/boxscore?gameId=400554397"
2014,10,"400554400","http://scores.espn.go.com/nfl/boxscore?gameId=400554400"
2014,10,"400554403","http://scores.espn.go.com/nfl/boxscore?gameId=400554403"
2014,10,"400554408","http://scores.espn.go.com/nfl/boxscore?gameId=400554408"
2014,11,"400554338","http://scores.espn.go.com/nfl/boxscore?gameId=400554338"
2014,11,"400554340","http://scores.espn.go.com/nfl/boxscore?gameId=400554340"
2014,11,"400554343","http://scores.espn.go.com/nfl/boxscore?gameId=400554343"
2014,11,"400554348","http://scores.espn.go.com/nfl/boxscore?gameId=400554348"
2014,11,"400554352","http://scores.espn.go.com/nfl/boxscore?gameId=400554352"
2014,11,"400554375","http://scores.espn.go.com/nfl/boxscore?gameId=400554375"
2014,11,"400554378","http://scores.espn.go.com/nfl/boxscore?gameId=400554378"
2014,11,"400554383","http://scores.espn.go.com/nfl/boxscore?gameId=400554383"
2014,11,"400554387","http://scores.espn.go.com/nfl/boxscore?gameId=400554387"
2014,11,"400554391","http://scores.espn.go.com/nfl/boxscore?gameId=400554391"
2014,11,"400554345","http://scores.espn.go.com/nfl/boxscore?gameId=400554345"
2014,11,"400554414","http://scores.espn.go.com/nfl/boxscore?gameId=400554414"
2014,11,"400554417","http://scores.espn.go.com/nfl/boxscore?gameId=400554417"
2014,11,"400554421","http://scores.espn.go.com/nfl/boxscore?gameId=400554421"
2014,12,"400554293","http://scores.espn.go.com/nfl/boxscore?gameId=400554293"
2014,12,"400554317","http://scores.espn.go.com/nfl/boxscore?gameId=400554317"
2014,12,"400554320","http://scores.espn.go.com/nfl/boxscore?gameId=400554320"
2014,12,"400554322","http://scores.espn.go.com/nfl/boxscore?gameId=400554322"
2014,12,"400554324","http://scores.espn.go.com/nfl/boxscore?gameId=400554324"
2014,12,"400554326","http://scores.espn.go.com/nfl/boxscore?gameId=400554326"
2014,12,"400554329","http://scores.espn.go.com/nfl/boxscore?gameId=400554329"
2014,12,"400554333","http://scores.espn.go.com/nfl/boxscore?gameId=400554333"
2014,12,"400554357","http://scores.espn.go.com/nfl/boxscore?gameId=400554357"
2014,12,"400554360","http://scores.espn.go.com/nfl/boxscore?gameId=400554360"
2014,12,"400554364","http://scores.espn.go.com/nfl/boxscore?gameId=400554364"
2014,12,"400554365","http://scores.espn.go.com/nfl/boxscore?gameId=400554365"
2014,12,"400554369","http://scores.espn.go.com/nfl/boxscore?gameId=400554369"
2014,12,"400607990","http://scores.espn.go.com/nfl/boxscore?gameId=400607990"
2014,12,"400554394","http://scores.espn.go.com/nfl/boxscore?gameId=400554394"
2014,13,"400554281","http://scores.espn.go.com/nfl/boxscore?gameId=400554281"
2014,13,"400554285","http://scores.espn.go.com/nfl/boxscore?gameId=400554285"
2014,13,"400554289","http://scores.espn.go.com/nfl/boxscore?gameId=400554289"
2014,13,"400554292","http://scores.espn.go.com/nfl/boxscore?gameId=400554292"
2014,13,"400554316","http://scores.espn.go.com/nfl/boxscore?gameId=400554316"
2014,13,"400554321","http://scores.espn.go.com/nfl/boxscore?gameId=400554321"
2014,13,"400554323","http://scores.espn.go.com/nfl/boxscore?gameId=400554323"
2014,13,"400554327","http://scores.espn.go.com/nfl/boxscore?gameId=400554327"
2014,13,"400554330","http://scores.espn.go.com/nfl/boxscore?gameId=400554330"
2014,13,"400554354","http://scores.espn.go.com/nfl/boxscore?gameId=400554354"
2014,13,"400554359","http://scores.espn.go.com/nfl/boxscore?gameId=400554359"
2014,13,"400554363","http://scores.espn.go.com/nfl/boxscore?gameId=400554363"
2014,13,"400554368","http://scores.espn.go.com/nfl/boxscore?gameId=400554368"
2014,13,"400554371","http://scores.espn.go.com/nfl/boxscore?gameId=400554371"
2014,13,"400554395","http://scores.espn.go.com/nfl/boxscore?gameId=400554395"
2014,13,"400554399","http://scores.espn.go.com/nfl/boxscore?gameId=400554399"
2014,14,"400554349","http://scores.espn.go.com/nfl/boxscore?gameId=400554349"
2014,14,"400554374","http://scores.espn.go.com/nfl/boxscore?gameId=400554374"
2014,14,"400554379","http://scores.espn.go.com/nfl/boxscore?gameId=400554379"
2014,14,"400554384","http://scores.espn.go.com/nfl/boxscore?gameId=400554384"
2014,14,"400554388","http://scores.espn.go.com/nfl/boxscore?gameId=400554388"
2014,14,"400554416","http://scores.espn.go.com/nfl/boxscore?gameId=400554416"
2014,14,"400554419","http://scores.espn.go.com/nfl/boxscore?gameId=400554419"
2014,14,"400554422","http://scores.espn.go.com/nfl/boxscore?gameId=400554422"
2014,14,"400554424","http://scores.espn.go.com/nfl/boxscore?gameId=400554424"
2014,14,"400554426","http://scores.espn.go.com/nfl/boxscore?gameId=400554426"
2014,14,"400554428","http://scores.espn.go.com/nfl/boxscore?gameId=400554428"
2014,14,"400554429","http://scores.espn.go.com/nfl/boxscore?gameId=400554429"
2014,14,"400554430","http://scores.espn.go.com/nfl/boxscore?gameId=400554430"
2014,14,"400554431","http://scores.espn.go.com/nfl/boxscore?gameId=400554431"
2014,14,"400554432","http://scores.espn.go.com/nfl/boxscore?gameId=400554432"
2014,14,"400554433","http://scores.espn.go.com/nfl/boxscore?gameId=400554433"
2014,15,"400554342","http://scores.espn.go.com/nfl/boxscore?gameId=400554342"
2014,15,"400554346","http://scores.espn.go.com/nfl/boxscore?gameId=400554346"
2014,15,"400554350","http://scores.espn.go.com/nfl/boxscore?gameId=400554350"
2014,15,"400554353","http://scores.espn.go.com/nfl/boxscore?gameId=400554353"
2014,15,"400554376","http://scores.espn.go.com/nfl/boxscore?gameId=400554376"
2014,15,"400554380","http://scores.espn.go.com/nfl/boxscore?gameId=400554380"
2014,15,"400554382","http://scores.espn.go.com/nfl/boxscore?gameId=400554382"
2014,15,"400554386","http://scores.espn.go.com/nfl/boxscore?gameId=400554386"
2014,15,"400554390","http://scores.espn.go.com/nfl/boxscore?gameId=400554390"
2014,15,"400554392","http://scores.espn.go.com/nfl/boxscore?gameId=400554392"
2014,15,"400554418","http://scores.espn.go.com/nfl/boxscore?gameId=400554418"
2014,15,"400554420","http://scores.espn.go.com/nfl/boxscore?gameId=400554420"
2014,15,"400554415","http://scores.espn.go.com/nfl/boxscore?gameId=400554415"
2014,15,"400554423","http://scores.espn.go.com/nfl/boxscore?gameId=400554423"
2014,15,"400554425","http://scores.espn.go.com/nfl/boxscore?gameId=400554425"
2014,15,"400554427","http://scores.espn.go.com/nfl/boxscore?gameId=400554427"
2014,16,"400554356","http://scores.espn.go.com/nfl/boxscore?gameId=400554356"
2014,16,"400554366","http://scores.espn.go.com/nfl/boxscore?gameId=400554366"
2014,16,"400554361","http://scores.espn.go.com/nfl/boxscore?gameId=400554361"
2014,16,"400554373","http://scores.espn.go.com/nfl/boxscore?gameId=400554373"
2014,16,"400554398","http://scores.espn.go.com/nfl/boxscore?gameId=400554398"
2014,16,"400554401","http://scores.espn.go.com/nfl/boxscore?gameId=400554401"
2014,16,"400554402","http://scores.espn.go.com/nfl/boxscore?gameId=400554402"
2014,16,"400554406","http://scores.espn.go.com/nfl/boxscore?gameId=400554406"
2014,16,"400554410","http://scores.espn.go.com/nfl/boxscore?gameId=400554410"
2014,16,"400554434","http://scores.espn.go.com/nfl/boxscore?gameId=400554434"
2014,16,"400554436","http://scores.espn.go.com/nfl/boxscore?gameId=400554436"
2014,16,"400554439","http://scores.espn.go.com/nfl/boxscore?gameId=400554439"
2014,16,"400554442","http://scores.espn.go.com/nfl/boxscore?gameId=400554442"
2014,16,"400554444","http://scores.espn.go.com/nfl/boxscore?gameId=400554444"
2014,16,"400554447","http://scores.espn.go.com/nfl/boxscore?gameId=400554447"
2014,16,"400554449","http://scores.espn.go.com/nfl/boxscore?gameId=400554449"
2014,17,"400554405","http://scores.espn.go.com/nfl/boxscore?gameId=400554405"
2014,17,"400554407","http://scores.espn.go.com/nfl/boxscore?gameId=400554407"
2014,17,"400554409","http://scores.espn.go.com/nfl/boxscore?gameId=400554409"
2014,17,"400554412","http://scores.espn.go.com/nfl/boxscore?gameId=400554412"
2014,17,"400554413","http://scores.espn.go.com/nfl/boxscore?gameId=400554413"
2014,17,"400554435","http://scores.espn.go.com/nfl/boxscore?gameId=400554435"
2014,17,"400554437","http://scores.espn.go.com/nfl/boxscore?gameId=400554437"
2014,17,"400554438","http://scores.espn.go.com/nfl/boxscore?gameId=400554438"
2014,17,"400554440","http://scores.espn.go.com/nfl/boxscore?gameId=400554440"
2014,17,"400554443","http://scores.espn.go.com/nfl/boxscore?gameId=400554443"
2014,17,"400554404","http://scores.espn.go.com/nfl/boxscore?gameId=400554404"
2014,17,"400554411","http://scores.espn.go.com/nfl/boxscore?gameId=400554411"
2014,17,"400554445","http://scores.espn.go.com/nfl/boxscore?gameId=400554445"
2014,17,"400554446","http://scores.espn.go.com/nfl/boxscore?gameId=400554446"
2014,17,"400554448","http://scores.espn.go.com/nfl/boxscore?gameId=400554448"
2014,17,"400554441","http://scores.espn.go.com/nfl/boxscore?gameId=400554441"
